rhor,xne,xni,xte,xti,vpold,vtord,xer,,,,,,,,,,,,,,,,,,,,,,,,,
0.00E+00,9.17548E+19,6.57998E+19,1877.4444,2416.8516,0,202618,4230.823,,,,,,,,,,,,,,,,,,,,,,,,,
5.00E-03,9.17E+19,6.58E+19,1876.7302,2.42E+03,-7.01E-04,2.03E+05,4.48E+03,,,,,,,,,,,,,,,,,,,,,,,,,
1.00E-02,9.16E+19,6.57E+19,1876.0077,2.41E+03,-5.61E-03,2.02E+05,4.81E+03,,,,,,,,,,,,,,,,,,,,,,,,,
1.50E-02,9.15E+19,6.57E+19,1875.2684,2.41E+03,-1.89E-02,2.02E+05,5.19E+03,,,,,,,,,,,,,,,,,,,,,,,,,
2.00E-02,9.14E+19,6.57E+19,1874.5041,2.41E+03,-4.49E-02,2.02E+05,5.61E+03,,,,,,,,,,,,,,,,,,,,,,,,,
2.50E-02,9.14E+19,6.56E+19,1873.7064,2.41E+03,-8.77E-02,2.02E+05,6.06E+03,,,,,,,,,,,,,,,,,,,,,,,,,
3.00E-02,9.12E+19,6.56E+19,1872.8669,2.41E+03,-0.15150138,2.02E+05,6.53E+03,,,,,,,,,,,,,,,,,,,,,,,,,
3.50E-02,9.11E+19,6.55E+19,1871.9772,2.41E+03,-0.24057859,2.02E+05,7.01E+03,,,,,,,,,,,,,,,,,,,,,,,,,
4.00E-02,9.10E+19,6.55E+19,1871.029,2.40E+03,-0.35911437,2.02E+05,7.52E+03,,,,,,,,,,,,,,,,,,,,,,,,,
4.50E-02,9.08E+19,6.54E+19,1870.014,2.40E+03,-0.51131724,2.01E+05,8.03E+03,,,,,,,,,,,,,,,,,,,,,,,,,
5.00E-02,9.07E+19,6.53E+19,1868.9238,2.40E+03,-0.70139533,2.01E+05,8.56E+03,,,,,,,,,,,,,,,,,,,,,,,,,
5.50E-02,9.05E+19,6.52E+19,1867.75,2.39E+03,-0.93355713,2.01E+05,9.10E+03,,,,,,,,,,,,,,,,,,,,,,,,,
6.00E-02,9.03E+19,6.51E+19,1866.4843,2.39E+03,-1.2119705,2.01E+05,9.65E+03,,,,,,,,,,,,,,,,,,,,,,,,,
6.50E-02,9.00E+19,6.50E+19,1865.1183,2.39E+03,-1.5409106,2.01E+05,1.02E+04,,,,,,,,,,,,,,,,,,,,,,,,,
7.00E-02,8.98E+19,6.49E+19,1863.6436,2.38E+03,-1.9245698,2.00E+05,1.08E+04,,,,,,,,,,,,,,,,,,,,,,,,,
7.50E-02,8.95E+19,6.48E+19,1862.0519,2.38E+03,-2.3671463,2.00E+05,1.14E+04,,,,,,,,,,,,,,,,,,,,,,,,,
8.00E-02,8.92E+19,6.46E+19,1860.3349,2.37E+03,-2.8728476,2.00E+05,1.20E+04,,,,,,,,,,,,,,,,,,,,,,,,,
8.50E-02,8.89E+19,6.45E+19,1858.4842,2.37E+03,-3.4458837,1.99E+05,1.26E+04,,,,,,,,,,,,,,,,,,,,,,,,,
9.00E-02,8.85E+19,6.43E+19,1856.4914,2.36E+03,-4.0904621,1.99E+05,1.32E+04,,,,,,,,,,,,,,,,,,,,,,,,,
9.50E-02,8.82E+19,6.42E+19,1854.3482,2.36E+03,-4.8107902,1.99E+05,1.39E+04,,,,,,,,,,,,,,,,,,,,,,,,,
1.00E-01,8.79E+19,6.40E+19,1852.0472,2.35E+03,-5.6110785,1.98E+05,1.47E+04,,,,,,,,,,,,,,,,,,,,,,,,,
1.05E-01,8.75E+19,6.38E+19,1849.5878,2.34E+03,-6.4955329,1.98E+05,1.55E+04,,,,,,,,,,,,,,,,,,,,,,,,,
1.10E-01,8.71E+19,6.36E+19,1846.9729,2.34E+03,-7.4683645,1.97E+05,1.63E+04,,,,,,,,,,,,,,,,,,,,,,,,,
1.15E-01,8.68E+19,6.34E+19,1844.205,2.33E+03,-8.5337803,1.97E+05,1.71E+04,,,,,,,,,,,,,,,,,,,,,,,,,
1.20E-01,8.64E+19,6.32E+19,1841.2869,2.32E+03,-9.6959148,1.96E+05,1.79E+04,,,,,,,,,,,,,,,,,,,,,,,,,
1.25E-01,8.60E+19,6.30E+19,1838.2212,2.31E+03,-10.959091,1.96E+05,1.86E+04,,,,,,,,,,,,,,,,,,,,,,,,,
1.30E-01,8.55706E+19,6.27705E+19,1835.0107,2307.0361,-12.327722,195356.78,19268.621,,,,,,,,,,,,,,,,,,,,,,,,,
1.35E-01,8.51526E+19,6.25369E+19,1831.6581,2299.0251,-13.805338,194831.08,19886.429,,,,,,,,,,,,,,,,,,,,,,,,,
1.40E-01,8.47251E+19,6.22933E+19,1828.1659,2290.756,-15.396794,194285.37,20474.07,,,,,,,,,,,,,,,,,,,,,,,,,
1.45E-01,8.42939E+19,6.20453E+19,1824.537,2282.2976,-17.106329,193720.42,21081.436,,,,,,,,,,,,,,,,,,,,,,,,,
1.50E-01,8.38556E+19,6.17895E+19,1820.774,2273.8024,-18.937423,193137.02,21695.011,,,,,,,,,,,,,,,,,,,,,,,,,
1.55E-01,8.34085E+19,6.15235E+19,1816.8796,2265.0481,-20.895007,192535.96,22318.842,,,,,,,,,,,,,,,,,,,,,,,,,
1.60E-01,8.29538E+19,6.12476E+19,1813.0698,2256.0479,-22.98332,191918.03,22944.613,,,,,,,,,,,,,,,,,,,,,,,,,
1.65E-01,8.24934E+19,6.09631E+19,1809.1401,2246.8147,-25.205769,191292.13,23558.735,,,,,,,,,,,,,,,,,,,,,,,,,
1.70E-01,8.20302E+19,6.06743E+19,1805.0685,2237.3618,-27.567355,190661.18,24154.568,,,,,,,,,,,,,,,,,,,,,,,,,
1.75E-01,8.15604E+19,6.03755E+19,1800.8575,2227.763,-30.072322,190012.92,24729.822,,,,,,,,,,,,,,,,,,,,,,,,,
1.80E-01,8.10849E+19,6.00669E+19,1796.5096,2218.091,-32.723899,189348.08,25290.863,,,,,,,,,,,,,,,,,,,,,,,,,
1.85E-01,8.06046E+19,5.97489E+19,1792.0276,2208.2039,-35.52731,188667.4,25838.388,,,,,,,,,,,,,,,,,,,,,,,,,
1.90E-01,8.0123E+19,5.94278E+19,1787.4138,2198.1127,-38.486483,187971.59,26377.483,,,,,,,,,,,,,,,,,,,,,,,,,
1.95E-01,7.96368E+19,5.90972E+19,1782.6709,2187.8282,-41.60557,187261.39,26909.283,,,,,,,,,,,,,,,,,,,,,,,,,
2.00E-01,7.91468E+19,5.87575E+19,1777.8015,2177.3615,-44.888797,186549.25,27427.141,,,,,,,,,,,,,,,,,,,,,,,,,
2.05E-01,7.8654E+19,5.8409E+19,1772.9336,2166.8774,-48.340346,185825.18,27933.664,,,,,,,,,,,,,,,,,,,,,,,,,
2.10E-01,7.81602E+19,5.80576E+19,1767.9868,2156.2068,-51.964441,185086.73,28428.854,,,,,,,,,,,,,,,,,,,,,,,,,
2.15E-01,7.76639E+19,5.76975E+19,1762.9077,2145.3555,-55.765295,184334.59,28912.264,,,,,,,,,,,,,,,,,,,,,,,,,
2.20E-01,7.71656E+19,5.73291E+19,1757.6991,2134.3294,-59.747102,183569.46,29383.415,,,,,,,,,,,,,,,,,,,,,,,,,
2.25E-01,7.66663E+19,5.6953E+19,1752.3635,2123.161,-63.914073,182792.03,29843.723,,,,,,,,,,,,,,,,,,,,,,,,,
2.30E-01,7.61666E+19,5.65736E+19,1746.9035,2111.9285,-68.270437,182012.99,30287.489,,,,,,,,,,,,,,,,,,,,,,,,,
2.35E-01,7.56661E+19,5.61861E+19,1741.3217,2100.5253,-72.82037,181222.45,30719.637,,,,,,,,,,,,,,,,,,,,,,,,,
2.40E-01,7.51654E+19,5.57909E+19,1735.6207,2088.9563,-77.567969,180419.89,31140.65,,,,,,,,,,,,,,,,,,,,,,,,,
2.45E-01,7.46652E+19,5.53896E+19,1729.9447,2077.2261,-82.517638,179605.97,31550.407,,,,,,,,,,,,,,,,,,,,,,,,,
2.50E-01,7.41653E+19,5.4984E+19,1724.1438,2065.4185,-87.673573,178781.37,31948.305,,,,,,,,,,,,,,,,,,,,,,,,,
2.55E-01,7.36662E+19,5.45711E+19,1718.2207,2053.4843,-93.039926,177951.2,32331.791,,,,,,,,,,,,,,,,,,,,,,,,,
2.60E-01,7.31687E+19,5.41512E+19,1712.178,2041.3928,-98.620906,177114.98,32701.424,,,,,,,,,,,,,,,,,,,,,,,,,
2.65E-01,7.26724E+19,5.37273E+19,1706.0185,2029.1489,-104.42072,176268.54,33059.437,,,,,,,,,,,,,,,,,,,,,,,,,
2.70E-01,7.21777E+19,5.32984E+19,1699.7446,2016.8069,-110.44362,175412.54,33405.3,,,,,,,,,,,,,,,,,,,,,,,,,
2.75E-01,7.16854E+19,5.2863E+19,1693.3952,2004.3643,-116.69373,174547.63,33739.613,,,,,,,,,,,,,,,,,,,,,,,,,
2.80E-01,7.11961E+19,5.24214E+19,1687.015,1991.7738,-123.1753,173677.21,34061.092,,,,,,,,,,,,,,,,,,,,,,,,,
2.85E-01,7.07083E+19,5.1977E+19,1680.5192,1979.0405,-129.89254,172802.32,34368.626,,,,,,,,,,,,,,,,,,,,,,,,,
2.90E-01,7.02237E+19,5.15268E+19,1673.9106,1966.2184,-136.84965,171919.08,34664.192,,,,,,,,,,,,,,,,,,,,,,,,,
2.95E-01,6.9743E+19,5.10707E+19,1667.192,1953.289,-144.05086,171028.13,34946.636,,,,,,,,,,,,,,,,,,,,,,,,,
3.00E-01,6.92661E+19,5.06096E+19,1660.3658,1940.2262,-151.50024,170130.11,35217.323,,,,,,,,,,,,,,,,,,,,,,,,,
3.05E-01,6.87915E+19,5.01455E+19,1653.4656,1927.0394,-159.20213,169228.66,35475.044,,,,,,,,,,,,,,,,,,,,,,,,,
3.10E-01,6.83215E+19,4.96759E+19,1646.5291,1913.7939,-167.1598,168322.39,35720.76,,,,,,,,,,,,,,,,,,,,,,,,,
3.15E-01,6.78567E+19,4.9201E+19,1639.4853,1900.436,-175.38046,167409.71,35955.139,,,,,,,,,,,,,,,,,,,,,,,,,
3.20E-01,6.73958E+19,4.8722E+19,1632.3369,1886.9721,-183.86521,166491.24,36174.313,,,,,,,,,,,,,,,,,,,,,,,,,
3.25E-01,6.69387E+19,4.82388E+19,1625.0867,1873.436,-192.6182,165568.01,36381.081,,,,,,,,,,,,,,,,,,,,,,,,,
3.30E-01,6.64874E+19,4.77518E+19,1617.7375,1859.8379,-201.64698,164643.07,36556.831,,,,,,,,,,,,,,,,,,,,,,,,,
3.35E-01,6.60424E+19,4.72625E+19,1610.3602,1846.1549,-210.95236,163713.1,36704.792,,,,,,,,,,,,,,,,,,,,,,,,,
3.40E-01,6.56011E+19,4.6772E+19,1602.8997,1832.4005,-220.53856,162778.73,36840.237,,,,,,,,,,,,,,,,,,,,,,,,,
3.45E-01,6.51651E+19,4.62802E+19,1595.3412,1818.6167,-230.41322,161840.57,36964.027,,,,,,,,,,,,,,,,,,,,,,,,,
3.50E-01,6.4736E+19,4.57888E+19,1587.6876,1804.7698,-240.5771,160900.77,37077.316,,,,,,,,,,,,,,,,,,,,,,,,,
3.55E-01,6.43141E+19,4.52997E+19,1579.9416,1790.873,-251.03438,159958.15,37179.55,,,,,,,,,,,,,,,,,,,,,,,,,
3.60E-01,6.38959E+19,4.48125E+19,1572.1576,1776.9511,-261.79273,159012.5,37270.493,,,,,,,,,,,,,,,,,,,,,,,,,
3.65E-01,6.34841E+19,4.43281E+19,1564.3035,1762.9961,-272.85103,158064.46,37350.319,,,,,,,,,,,,,,,,,,,,,,,,,
3.70E-01,6.30801E+19,4.38488E+19,1556.3588,1749.0133,-284.22222,157115.21,37420.322,,,,,,,,,,,,,,,,,,,,,,,,,
3.75E-01,6.26843E+19,4.33764E+19,1548.3266,1735.0184,-295.89736,156164.61,37480.755,,,,,,,,,,,,,,,,,,,,,,,,,
3.80E-01,6.22922E+19,4.29078E+19,1540.2097,1721.012,-307.89377,155212.42,37530.418,,,,,,,,,,,,,,,,,,,,,,,,,
3.85E-01,6.19072E+19,4.24457E+19,1532.0677,1707.0006,-320.20684,154259.28,37569.466,,,,,,,,,,,,,,,,,,,,,,,,,
3.90E-01,6.15307E+19,4.19928E+19,1523.847,1692.9945,-332.84522,153305.85,37590.897,,,,,,,,,,,,,,,,,,,,,,,,,
3.95E-01,6.1163E+19,4.15507E+19,1515.5439,1678.9942,-345.81328,152352.07,37578.358,,,,,,,,,,,,,,,,,,,,,,,,,
4.00E-01,6.08011E+19,4.11164E+19,1507.1616,1665.0125,-359.11037,151398.18,37556.583,,,,,,,,,,,,,,,,,,,,,,,,,
4.05E-01,6.04447E+19,4.06893E+19,1498.7253,1651.0548,-372.75022,150444.79,37524.563,,,,,,,,,,,,,,,,,,,,,,,,,
4.10E-01,6.00974E+19,4.02747E+19,1490.245,1637.1196,-386.72278,149492.17,37483.845,,,,,,,,,,,,,,,,,,,,,,,,,
4.15E-01,5.97594E+19,3.98742E+19,1481.6886,1623.2262,-401.04659,148540.1,37436.634,,,,,,,,,,,,,,,,,,,,,,,,,
4.20E-01,5.94311E+19,3.94892E+19,1473.0589,1609.3757,-415.71574,147589.41,37370.022,,,,,,,,,,,,,,,,,,,,,,,,,
4.25E-01,5.91055E+19,3.91084E+19,1464.364,1595.5645,-430.7387,146640.69,37293.163,,,,,,,,,,,,,,,,,,,,,,,,,
4.30E-01,5.87885E+19,3.87417E+19,1455.643,1581.8193,-446.12236,145693.68,37208.889,,,,,,,,,,,,,,,,,,,,,,,,,
4.35E-01,5.84812E+19,3.83918E+19,1446.8522,1568.1322,-461.87092,144748.27,37118.706,,,,,,,,,,,,,,,,,,,,,,,,,
4.40E-01,5.81838E+19,3.80602E+19,1437.9949,1554.5051,-477.97681,143805.72,37014.427,,,,,,,,,,,,,,,,,,,,,,,,,
4.45E-01,5.78967E+19,3.77484E+19,1429.0741,1540.9679,-494.45593,142866.64,36898.705,,,,,,,,,,,,,,,,,,,,,,,,,
4.50E-01,5.76122E+19,3.74439E+19,1420.1324,1527.5018,-511.31258,141930,36778.519,,,,,,,,,,,,,,,,,,,,,,,,,
4.55E-01,5.73356E+19,3.71556E+19,1411.128,1514.1182,-528.55121,140996.2,36652.13,,,,,,,,,,,,,,,,,,,,,,,,,
4.60E-01,5.7069E+19,3.68869E+19,1402.0641,1500.8487,-546.1635,140066.8,36515.11,,,,,,,,,,,,,,,,,,,,,,,,,
4.65E-01,5.68126E+19,3.66382E+19,1392.9477,1487.6609,-564.16597,139142.38,36368.225,,,,,,,,,,,,,,,,,,,,,,,,,
4.70E-01,5.65666E+19,3.64099E+19,1383.807,1474.5807,-582.56296,138220.61,36221.455,,,,,,,,,,,,,,,,,,,,,,,,,
4.75E-01,5.63313E+19,3.62024E+19,1374.6113,1461.6387,-601.35878,137303.47,36073.864,,,,,,,,,,,,,,,,,,,,,,,,,
4.80E-01,5.6098E+19,3.6005E+19,1365.3637,1448.7864,-620.54424,136392.24,35936.703,,,,,,,,,,,,,,,,,,,,,,,,,
4.85E-01,5.5871E+19,3.58243E+19,1356.0792,1436.0693,-640.13727,135487.51,35791.656,,,,,,,,,,,,,,,,,,,,,,,,,
4.90E-01,5.5654E+19,3.56636E+19,1346.7633,1423.5143,-660.13944,134585.23,35648.949,,,,,,,,,,,,,,,,,,,,,,,,,
4.95E-01,5.54469E+19,3.5521E+19,1337.4006,1411.0581,-680.55485,133689.75,35497.772,,,,,,,,,,,,,,,,,,,,,,,,,
5.00E-01,5.52501E+19,3.5395E+19,1327.9943,1398.7655,-701.38772,132801.7,35340.118,,,,,,,,,,,,,,,,,,,,,,,,,
5.05E-01,5.50635E+19,3.52839E+19,1318.5659,1386.652,-722.6423,131920.63,35176.09,,,,,,,,,,,,,,,,,,,,,,,,,
5.10E-01,5.48874E+19,3.51858E+19,1309.1007,1374.6395,-744.32282,131043.48,35014.801,,,,,,,,,,,,,,,,,,,,,,,,,
5.15E-01,5.47217E+19,3.50993E+19,1299.597,1362.8064,-766.43352,130174.67,34846.016,,,,,,,,,,,,,,,,,,,,,,,,,
5.20E-01,5.45667E+19,3.50224E+19,1290.066,1351.1485,-788.97075,129314.81,34670.166,,,,,,,,,,,,,,,,,,,,,,,,,
5.25E-01,5.44059E+19,3.49319E+19,1280.5114,1339.5787,-811.94645,128462.02,34493.664,,,,,,,,,,,,,,,,,,,,,,,,,
5.30E-01,5.4255E+19,3.48523E+19,1270.924,1328.18,-835.36487,127614.96,34315.35,,,,,,,,,,,,,,,,,,,,,,,,,
5.35E-01,5.41139E+19,3.47831E+19,1261.3088,1316.9459,-859.23026,126777.71,34151.249,,,,,,,,,,,,,,,,,,,,,,,,,
5.40E-01,5.39822E+19,3.47239E+19,1251.6791,1305.793,-883.54518,125950.95,33984.047,,,,,,,,,,,,,,,,,,,,,,,,,
5.45E-01,5.38598E+19,3.46742E+19,1242.0224,1294.8,-908.31587,125131.55,33819.992,,,,,,,,,,,,,,,,,,,,,,,,,
5.50E-01,5.37466E+19,3.46336E+19,1232.3424,1283.9606,-933.54564,124319.37,33658.222,,,,,,,,,,,,,,,,,,,,,,,,,
5.55E-01,5.36423E+19,3.46016E+19,1222.6511,1273.1966,-959.23832,123518.51,33489.574,,,,,,,,,,,,,,,,,,,,,,,,,
5.60E-01,5.35468E+19,3.45778E+19,1212.9402,1262.5814,-985.39813,122729.6,33313.625,,,,,,,,,,,,,,,,,,,,,,,,,
5.65E-01,5.34599E+19,3.45618E+19,1203.2122,1252.1089,-1012.0293,121948.94,33142.04,,,,,,,,,,,,,,,,,,,,,,,,,
5.70E-01,5.33813E+19,3.4553E+19,1193.4754,1241.7053,-1039.136,121176.36,32973.557,,,,,,,,,,,,,,,,,,,,,,,,,
5.75E-01,5.3311E+19,3.45511E+19,1183.726,1231.4389,-1066.7224,120416.57,32804.337,,,,,,,,,,,,,,,,,,,,,,,,,
5.80E-01,5.32486E+19,3.45555E+19,1173.9659,1221.3038,-1094.7928,119670.21,32630.348,,,,,,,,,,,,,,,,,,,,,,,,,
5.85E-01,5.31941E+19,3.45659E+19,1164.2006,1211.2375,-1123.3514,118933.94,32455.99,,,,,,,,,,,,,,,,,,,,,,,,,
5.90E-01,5.31473E+19,3.45818E+19,1154.429,1201.2913,-1152.4024,118205.56,32293.35,,,,,,,,,,,,,,,,,,,,,,,,,
5.95E-01,5.31078E+19,3.46027E+19,1144.6532,1191.4654,-1181.9499,117491.35,32122.261,,,,,,,,,,,,,,,,,,,,,,,,,
6.00E-01,5.30757E+19,3.46282E+19,1134.8767,1181.708,-1211.9965,116791.97,31946.65,,,,,,,,,,,,,,,,,,,,,,,,,
6.05E-01,5.30506E+19,3.46579E+19,1125.0997,1172.0542,-1242.5504,116107.02,31771.313,,,,,,,,,,,,,,,,,,,,,,,,,
6.10E-01,5.30324E+19,3.46912E+19,1115.3256,1162.51,-1273.615,115428.28,31614.359,,,,,,,,,,,,,,,,,,,,,,,,,
6.15E-01,5.30209E+19,3.47278E+19,1105.555,1153.0329,-1305.1941,114764.83,31449.856,,,,,,,,,,,,,,,,,,,,,,,,,
6.20E-01,5.30159E+19,3.47672E+19,1095.7901,1143.644,-1337.2919,114116.57,31282.965,,,,,,,,,,,,,,,,,,,,,,,,,
6.25E-01,5.30173E+19,3.48089E+19,1086.0356,1134.3537,-1369.9127,113483.36,31111.517,,,,,,,,,,,,,,,,,,,,,,,,,
6.30E-01,5.30248E+19,3.48526E+19,1076.2875,1125.1282,-1403.049,112859.97,30947.914,,,,,,,,,,,,,,,,,,,,,,,,,
6.35E-01,5.30383E+19,3.48977E+19,1066.5531,1115.9767,-1436.7165,112246.53,30793.791,,,,,,,,,,,,,,,,,,,,,,,,,
6.40E-01,5.30575E+19,3.49437E+19,1056.8345,1106.9128,-1470.9195,111647.4,30635.67,,,,,,,,,,,,,,,,,,,,,,,,,
6.45E-01,5.30823E+19,3.49904E+19,1047.1279,1097.9102,-1505.6622,111061.6,30475.372,,,,,,,,,,,,,,,,,,,,,,,,,
6.50E-01,5.31125E+19,3.50371E+19,1037.4428,1088.9685,-1540.9489,110488.15,30306.618,,,,,,,,,,,,,,,,,,,,,,,,,
6.55E-01,5.31479E+19,3.50835E+19,1027.7769,1080.1035,-1576.7833,109920.55,30149.605,,,,,,,,,,,,,,,,,,,,,,,,,
6.60E-01,5.31884E+19,3.51291E+19,1018.131,1071.295,-1613.1697,109361.13,29977.926,,,,,,,,,,,,,,,,,,,,,,,,,
6.65E-01,5.32326E+19,3.51702E+19,1008.5144,1062.5354,-1650.1175,108812.94,29806.082,,,,,,,,,,,,,,,,,,,,,,,,,
6.70E-01,5.32739E+19,3.51822E+19,998.91856,1053.8417,-1687.6302,108274.91,29629.967,,,,,,,,,,,,,,,,,,,,,,,,,
6.75E-01,5.33229E+19,3.51954E+19,989.35334,1045.1989,-1725.6842,107745.99,29451.002,,,,,,,,,,,,,,,,,,,,,,,,,
6.80E-01,5.33789E+19,3.52101E+19,979.82222,1036.594,-1764.3107,107222.36,29272.696,,,,,,,,,,,,,,,,,,,,,,,,,
6.85E-01,5.3441E+19,3.52268E+19,970.31642,1028.0441,-1803.5142,106703.09,29103.806,,,,,,,,,,,,,,,,,,,,,,,,,
6.90E-01,5.35086E+19,3.5246E+19,960.85229,1019.5381,-1843.2988,106191.94,28928.881,,,,,,,,,,,,,,,,,,,,,,,,,
6.95E-01,5.35807E+19,3.5268E+19,951.42156,1011.0605,-1883.6688,105687.85,28752.308,,,,,,,,,,,,,,,,,,,,,,,,,
7.00E-01,5.36568E+19,3.52933E+19,942.02911,1002.627,-1924.6286,105189.76,28572.054,,,,,,,,,,,,,,,,,,,,,,,,,
7.05E-01,5.37359E+19,3.53224E+19,932.6867,994.22781,-1966.154,104696.59,28388.941,,,,,,,,,,,,,,,,,,,,,,,,,
7.10E-01,5.38173E+19,3.53556E+19,923.37439,985.8505,-2008.2774,104203.95,28213.514,,,,,,,,,,,,,,,,,,,,,,,,,
7.15E-01,5.39003E+19,3.53934E+19,914.11672,977.50595,-2051.0026,103716.41,28033.422,,,,,,,,,,,,,,,,,,,,,,,,,
7.20E-01,5.3984E+19,3.54362E+19,904.90506,969.18549,-2094.3342,103232.88,27853.878,,,,,,,,,,,,,,,,,,,,,,,,,
7.25E-01,5.40677E+19,3.54845E+19,895.74074,960.88054,-2138.2842,102752.29,27639.532,,,,,,,,,,,,,,,,,,,,,,,,,
7.30E-01,5.41506E+19,3.55387E+19,886.63994,952.59717,-2182.8242,102273.57,27419.695,,,,,,,,,,,,,,,,,,,,,,,,,
7.35E-01,5.4232E+19,3.55992E+19,877.5776,944.32729,-2227.9737,101795.52,27199.556,,,,,,,,,,,,,,,,,,,,,,,,,
7.40E-01,5.4311E+19,3.56664E+19,868.58323,936.06693,-2273.7529,101318.98,26980.644,,,,,,,,,,,,,,,,,,,,,,,,,
7.45E-01,5.43893E+19,3.57372E+19,859.64591,927.81666,-2320.1663,100843.23,26759.148,,,,,,,,,,,,,,,,,,,,,,,,,
7.50E-01,5.4477E+19,3.5799E+19,850.76726,919.57011,-2367.2017,100366.92,26529.808,,,,,,,,,,,,,,,,,,,,,,,,,
7.55E-01,5.45665E+19,3.58655E+19,841.96291,911.32595,-2414.8531,99888.743,26292.101,,,,,,,,,,,,,,,,,,,,,,,,,
7.60E-01,5.46571E+19,3.59369E+19,833.20932,903.08041,-2463.1053,99409.62,26052.187,,,,,,,,,,,,,,,,,,,,,,,,,
7.65E-01,5.47483E+19,3.60136E+19,824.53806,894.83024,-2511.8677,98931.638,25810.715,,,,,,,,,,,,,,,,,,,,,,,,,
7.70E-01,5.48392E+19,3.60956E+19,815.92859,886.57369,-2561.0256,98449.7,25565.832,,,,,,,,,,,,,,,,,,,,,,,,,
7.75E-01,5.49292E+19,3.61832E+19,807.39624,878.30397,-2610.4503,97960.802,25313.139,,,,,,,,,,,,,,,,,,,,,,,,,
7.80E-01,5.50177E+19,3.62766E+19,798.94456,870.02404,-2660.0622,97461.936,25061.745,,,,,,,,,,,,,,,,,,,,,,,,,
7.85E-01,5.51038E+19,3.63761E+19,790.56008,861.72566,-2709.7496,96955.425,24799.742,,,,,,,,,,,,,,,,,,,,,,,,,
7.90E-01,5.51871E+19,3.64818E+19,782.2728,853.40584,-2759.404,96442.28,24530.148,,,,,,,,,,,,,,,,,,,,,,,,,
7.95E-01,5.52667E+19,3.6594E+19,774.04952,845.06712,-2808.9252,95914.942,24254.333,,,,,,,,,,,,,,,,,,,,,,,,,
8.00E-01,5.5342E+19,3.67129E+19,765.92445,836.697,-2858.1886,95369.738,23979.181,,,,,,,,,,,,,,,,,,,,,,,,,
8.05E-01,5.54124E+19,3.68387E+19,757.88444,828.30313,-2907.1103,94805.776,23696.896,,,,,,,,,,,,,,,,,,,,,,,,,
8.10E-01,5.5477E+19,3.69717E+19,749.93088,819.87457,-2955.5848,94230.747,23388.201,,,,,,,,,,,,,,,,,,,,,,,,,
8.15E-01,5.55353E+19,3.71121E+19,742.08496,811.40816,-3003.4529,93631.965,23083.971,,,,,,,,,,,,,,,,,,,,,,,,,
8.20E-01,5.55866E+19,3.726E+19,734.31212,802.90909,-3050.7217,93005.869,22777.55,,,,,,,,,,,,,,,,,,,,,,,,,
8.25E-01,5.56301E+19,3.74157E+19,726.65693,794.36002,-3097.1664,92360.876,22446.058,,,,,,,,,,,,,,,,,,,,,,,,,
8.30E-01,5.56652E+19,3.75795E+19,719.08852,785.77564,-3142.7465,91692.183,22108.915,,,,,,,,,,,,,,,,,,,,,,,,,
8.35E-01,5.56913E+19,3.77515E+19,711.62758,777.13703,-3187.3577,90986.33,21766.752,,,,,,,,,,,,,,,,,,,,,,,,,
8.40E-01,5.57076E+19,3.79319E+19,704.28307,768.45057,-3230.8373,90250.672,21406.757,,,,,,,,,,,,,,,,,,,,,,,,,
8.45E-01,5.57134E+19,3.81211E+19,697.02473,759.71095,-3273.1675,89481.616,21030.312,,,,,,,,,,,,,,,,,,,,,,,,,
8.50E-01,5.57081E+19,3.83192E+19,689.89818,750.91817,-3314.1716,88650.496,20649.244,,,,,,,,,,,,,,,,,,,,,,,,,
8.55E-01,5.56909E+19,3.85263E+19,682.86768,742.07605,-3353.7203,87771.278,20226.185,,,,,,,,,,,,,,,,,,,,,,,,,
8.60E-01,5.56613E+19,3.87429E+19,675.95631,733.17842,-3391.9155,86811.541,19805.428,,,,,,,,,,,,,,,,,,,,,,,,,
8.65E-01,5.56185E+19,3.89689E+19,669.17212,724.23366,-3428.1255,85775.137,19328.133,,,,,,,,,,,,,,,,,,,,,,,,,
8.70E-01,5.55618E+19,3.92048E+19,662.48184,715.2334,-3462.9434,84638.341,18857.456,,,,,,,,,,,,,,,,,,,,,,,,,
8.75E-01,5.54905E+19,3.94507E+19,655.92775,706.1861,-3495.778,83408.57,18329.563,,,,,,,,,,,,,,,,,,,,,,,,,
8.80E-01,5.54466E+19,3.96702E+19,649.47884,697.0838,-3526.5747,82056.779,17755.144,,,,,,,,,,,,,,,,,,,,,,,,,
8.85E-01,5.53923E+19,3.9898E+19,643.14067,687.93426,-3552.9422,80581.195,17121.723,,,,,,,,,,,,,,,,,,,,,,,,,
8.90E-01,5.53166E+19,4.01431E+19,636.91218,678.73167,-3578.4226,78975.141,16395.922,,,,,,,,,,,,,,,,,,,,,,,,,
8.95E-01,5.52128E+19,4.04102E+19,630.76949,669.47966,-3607.9983,77220.64,15576.171,,,,,,,,,,,,,,,,,,,,,,,,,
9.00E-01,5.50741E+19,4.07043E+19,624.68917,660.17821,-3641.6995,75314.419,14645.125,,,,,,,,,,,,,,,,,,,,,,,,,
9.05E-01,5.48941E+19,4.10304E+19,618.63074,650.82402,-3688.6499,73271.91,13600.793,,,,,,,,,,,,,,,,,,,,,,,,,
9.10E-01,5.46776E+19,4.13922E+19,612.57507,641.42398,-3754.9668,71119.602,12401.694,,,,,,,,,,,,,,,,,,,,,,,,,
9.15E-01,5.44577E+19,4.17879E+19,606.29122,631.96945,-3849.1251,68882.713,11006.518,,,,,,,,,,,,,,,,,,,,,,,,,
9.20E-01,5.41618E+19,4.22127E+19,599.87883,622.47072,-3977.1845,66588.443,9351.12,,,,,,,,,,,,,,,,,,,,,,,,,
9.25E-01,5.37538E+19,4.26554E+19,592.80014,612.91955,-4146.0656,64259.955,7374.6548,,,,,,,,,,,,,,,,,,,,,,,,,
9.30E-01,5.32712E+19,4.31335E+19,585.01595,603.31903,-4363.0019,61923.759,5050.4355,,,,,,,,,,,,,,,,,,,,,,,,,
9.35E-01,5.2598E+19,4.35557E+19,575.73627,593.67232,-4634.8361,59604.728,2318.9893,,,,,,,,,,,,,,,,,,,,,,,,,
9.40E-01,5.17161E+19,4.38715E+19,564.34535,583.97345,-4968.2314,57329.331,-723.01513,,,,,,,,,,,,,,,,,,,,,,,,,
9.45E-01,5.05151E+19,4.39107E+19,549.81531,574.22829,-5370.2567,55121.942,-3962.8518,,,,,,,,,,,,,,,,,,,,,,,,,
9.50E-01,4.88977E+19,4.35147E+19,530.65475,564.4352,-5848.005,53009.284,-7405.8719,,,,,,,,,,,,,,,,,,,,,,,,,
9.55E-01,4.67327E+19,4.24908E+19,505.20302,554.59162,-6407.8077,51005.595,-10864.679,,,,,,,,,,,,,,,,,,,,,,,,,
9.60E-01,4.39057E+19,4.06657E+19,471.77339,544.7015,-7057.1164,49082.985,-13940.132,,,,,,,,,,,,,,,,,,,,,,,,,
9.65E-01,4.03403E+19,3.79131E+19,429.47346,534.76469,-7797.2605,47203.495,-16203.407,,,,,,,,,,,,,,,,,,,,,,,,,
9.70E-01,3.60675E+19,3.42605E+19,378.76794,524.77863,-8520.128,45327.858,-18109.6,,,,,,,,,,,,,,,,,,,,,,,,,
9.75E-01,3.12668E+19,2.99196E+19,322.43277,514.74457,-9028.9875,43417.484,-19184.095,,,,,,,,,,,,,,,,,,,,,,,,,
9.80E-01,2.62591E+19,2.52446E+19,265.08076,504.66495,-9085.009,41434.173,-19633.743,,,,,,,,,,,,,,,,,,,,,,,,,
9.85E-01,2.14349E+19,2.06583E+19,211.75854,494.53861,-8508.34,39339.109,-18684.9,,,,,,,,,,,,,,,,,,,,,,,,,
9.90E-01,1.71353E+19,1.65292E+19,166.18656,484.36449,-7074.9933,37093.102,-16418.957,,,,,,,,,,,,,,,,,,,,,,,,,
9.95E-01,1.35623E+19,1.30803E+19,129.87616,474.14294,-4579.2309,34659.808,-12624.611,,,,,,,,,,,,,,,,,,,,,,,,,
1.00E+00,1.07609E+19,1.0371E+19,102.41394,463.87507,-809.54235,31997.304,-6806.8943,,,,,,,,,,,,,,,,,,,,,,,,,
